transaction_hash,sender_wallet,receiver_wallet,amount,transaction_time,block_height,fee,input_count,output_count
4a5e1e4baab89f3a32518a88c31bc87f618f76673e2cc77ab2127b7afdeda33b,bc1qxy2kgdygjrsqtzq2n0yrf2493p83kkfjhx0wlh,bc1q9v89vf009pt7eekk4ks7eque22rmfvj7v7a9ll,15.500000,2026-09-10T12:00:00Z,860120,0.00012,2,2
8f1d3c2b1e4f5a6b7c8d9e0f1a2b3c4d5e6f7a8b9c0d1e2f3a4b5c6d7e8f9a0b,bc1q9v89vf009pt7eekk4ks7eque22rmfvj7v7a9ll,3J98t1WpEZ73CNmQviecrnyiWrnqRhWNLy,15.480000,2026-09-10T12:05:00Z,860121,0.00015,1,2
9a8b7c6d5e4f3a2b1c0d9e8f7a6b5c4d3e2f1a0b9c8d7e6f5a4b3c2d1e0f9a8b,3J98t1WpEZ73CNmQviecrnyiWrnqRhWNLy,1A1zP1eP5QGefi2DMPTfTL5SLmv7DivfNa,15.450000,2026-09-10T12:10:00Z,860122,0.00018,1,2
1b2c3d4e5f6a7b8c9d0e1f2a3b4c5d6e7f8a9b0c1d2e3f4a5b6c7d8e9f0a1b2c,1A1zP1eP5QGefi2DMPTfTL5SLmv7DivfNa,bc1qxy2kgdygjrsqtzq2n0yrf2493p83kkfjhx0wlh,15.400000,2026-09-10T12:15:00Z,860123,0.00014,1,2
7e6f5a4b3c2d1e0f9a8b7c6d5e4f3a2b1c0d9e8f7a6b5c4d3e2f1a0b9c8d7e6f,bc1q888walleta000001xxyyzz,bc1q888walletb000002xxyyzz,8.250000,2026-09-10T13:00:00Z,860125,0.00008,1,1
2c3d4e5f6a7b8c9d0e1f2a3b4c5d6e7f8a9b0c1d2e3f4a5b6c7d8e9f0a1b2c3d,bc1q888walletb000002xxyyzz,bc1q888walletc000003xxyyzz,8.230000,2026-09-10T13:08:00Z,860126,0.00009,1,1
3d4e5f6a7b8c9d0e1f2a3b4c5d6e7f8a9b0c1d2e3f4a5b6c7d8e9f0a1b2c3d4e,bc1q888walletc000003xxyyzz,bc1q888walleta000001xxyyzz,8.200000,2026-09-10T13:15:00Z,860127,0.00010,1,1
4e5f6a7b8c9d0e1f2a3b4c5d6e7f8a9b0c1d2e3f4a5b6c7d8e9f0a1b2c3d4e5f,bc1qnormaluser0001,bc1qmerchant0002,0.450000,2026-09-10T14:00:00Z,860130,0.00005,1,2
5f6a7b8c9d0e1f2a3b4c5d6e7f8a9b0c1d2e3f4a5b6c7d8e9f0a1b2c3d4e5f6a,bc1qmerchant0002,bc1qexchange0003,0.440000,2026-09-10T14:30:00Z,860132,0.00005,1,2
6a7b8c9d0e1f2a3b4c5d6e7f8a9b0c1d2e3f4a5b6c7d8e9f0a1b2c3d4e5f6a7b,bc1qmixerservice01,bc1qdarknetbuyer02,25.000000,2026-09-10T15:00:00Z,860135,0.00025,3,5
7b8c9d0e1f2a3b4c5d6e7f8a9b0c1d2e3f4a5b6c7d8e9f0a1b2c3d4e5f6a7b8c,bc1qdarknetbuyer02,bc1qmixerservice01,24.900000,2026-09-10T15:10:00Z,860136,0.00020,2,4
